-- ========================================
-- ROBOTS 
-- ========================================
INSERT INTO robots (nom_robot, modele, etat, date_activation) VALUES
('R2-D2','Astro-01','actif','2023-01-10'),
('C-3PO','Proto-Alpha','maintenance','2022-06-15'),
('T-800','Cyberdyne','actif','2024-03-01'),
('ASIMO','Honda-X','actif','2021-09-20'),
('WALL-E','CleanBot','inactif','2020-05-05'),
('EVE','Recon-9','actif','2023-11-11'),
('Atlas','BostonDynamics','actif','2022-08-01'),
('Nao','Softbank','maintenance','2021-04-14'),
('K-2SO','Imperial','actif','2022-12-01'),
('RX-78','Gundam','actif','2023-06-30'),
('BB-8','Astro-02','actif','2024-01-15'),
('D-O','Astro-03','inactif','2023-03-12'),
('Gort','Classic','maintenance','2022-11-10'),
('T-1000','Cyberdyne','actif','2024-07-01'),
('Elysium','ShieldBot','actif','2023-09-21'),
('MegaBot','X-Prime','actif','2024-02-12'),
('Optimus','Prime-X','actif','2023-12-01'),
('IronBot','Marvel-1','inactif','2022-03-15'),
('MegaMind','AI-900','maintenance','2021-08-20'),
('Sentinel','SK-01','actif','2022-10-10'),
('Guardian','Protect-X','actif','2023-04-25'),
('RoboCop','Detroit-1','actif','2023-07-11'),
('Valkyrie','WarBot','maintenance','2022-09-05'),
('Phoenix','FireBot','actif','2024-01-30'),
('Titan','MegaBot-X','actif','2023-05-18'),
('Cyclone','Storm-9','inactif','2021-11-20'),
('Alpha','X-Alpha','actif','2023-03-03'),
('Beta','X-Beta','actif','2023-08-08'),
('Gamma','X-Gamma','maintenance','2022-02-22'),
('Delta','X-Delta','actif','2024-04-14'),
('Epsilon','X-Epsilon','actif','2023-06-06'),
('Zeta','X-Zeta','inactif','2022-12-12'),
('Eta','X-Eta','actif','2024-05-05'),
('Theta','X-Theta','maintenance','2023-01-01'),
('Iota','X-Iota','actif','2023-09-09'),
('Kappa','X-Kappa','actif','2024-03-03'),
('Lambda','X-Lambda','inactif','2021-06-06'),
('Mu','X-Mu','actif','2024-02-02'),
('Nu','X-Nu','actif','2023-07-07'),
('Xi','X-Xi','maintenance','2022-05-05'),
('Omicron','X-Omicron','actif','2023-08-08'),
('Pi','X-Pi','actif','2024-01-01'),
('Rho','X-Rho','inactif','2022-03-03'),
('Sigma','X-Sigma','actif','2023-04-04'),
('Tau','X-Tau','maintenance','2023-05-05'),
('Upsilon','X-Upsilon','actif','2024-06-06'),
('Phi','X-Phi','actif','2023-07-07'),
('Chi','X-Chi','inactif','2022-08-08'),
('Psi','X-Psi','actif','2023-09-09'),
('Omega','X-Omega','maintenance','2024-02-02');

-- ========================================
-- RESSOURCE 
-- ========================================
INSERT INTO ressource (id_robot, type_ressource, valeur_actuelle, valeur_max, unite, etat) VALUES
(1,'batterie',85,100,'%','bon'),
(1,'capteur',50,70,'°C','moyen'),
(2,'moteur',200,240,'V','moyen'),
(3,'logiciel',45,100,'%','critique'),
(4,'batterie',98,100,'%','bon'),
(5,'capteur',35,80,'°C','bon'),
(6,'moteur',230,240,'V','bon'),
(7,'batterie',30,100,'%','critique'),
(8,'logiciel',90,100,'%','bon'),
(9,'batterie',60,100,'%','moyen'),
(10,'moteur',210,260,'V','moyen'),
(11,'batterie',75,100,'%','bon'),
(12,'logiciel',100,100,'%','bon'),
(13,'moteur',180,200,'V','moyen'),
(14,'batterie',25,100,'%','critique'),
(15,'logiciel',50,100,'%','moyen'),
(16,'batterie',90,100,'%','bon'),
(17,'capteur',55,70,'°C','moyen'),
(18,'logiciel',65,100,'%','moyen'),
(19,'moteur',210,220,'V','bon'),
(20,'batterie',40,100,'%','moyen'),
(21,'capteur',60,80,'°C','bon'),
(22,'logiciel',85,100,'%','bon'),
(23,'batterie',95,100,'%','bon'),
(24,'moteur',200,220,'V','moyen'),
(25,'logiciel',50,100,'%','moyen'),
(26,'batterie',60,100,'%','moyen'),
(27,'capteur',45,70,'°C','moyen'),
(28,'logiciel',75,100,'%','bon'),
(29,'moteur',180,200,'V','moyen'),
(30,'batterie',55,100,'%','moyen'),
(31,'capteur',65,80,'°C','bon'),
(32,'logiciel',90,100,'%','bon'),
(33,'moteur',200,220,'V','bon'),
(34,'batterie',70,100,'%','bon'),
(35,'capteur',40,70,'°C','moyen'),
(36,'logiciel',60,100,'%','moyen'),
(37,'moteur',220,240,'V','bon'),
(38,'batterie',35,100,'%','critique'),
(39,'capteur',50,70,'°C','moyen'),
(40,'logiciel',80,100,'%','bon'),
(41,'moteur',200,220,'V','moyen'),
(42,'batterie',90,100,'%','bon'),
(43,'capteur',55,80,'°C','moyen'),
(44,'logiciel',95,100,'%','bon'),
(45,'moteur',210,230,'V','moyen'),
(46,'batterie',45,100,'%','moyen'),
(47,'capteur',60,80,'°C','bon'),
(48,'logiciel',70,100,'%','moyen'),
(49,'moteur',190,210,'V','moyen'),
(50,'batterie',80,100,'%','bon');

-- ========================================
-- SCENARIO 
-- ========================================
INSERT INTO scenario (description, priorite_loi, date_creation) VALUES
('Sauvetage humain en danger',1,NOW()),
('Ordre humain dangereux',1,NOW()),
('Mission standard',2,NOW()),
('Auto-protection robot',3,NOW()),
('Choix entre deux humains',1,NOW()),
('Mission longue durée',2,NOW()),
('Panne critique interne',3,NOW()),
('Collision imminente',1,NOW()),
('Ordres contradictoires',2,NOW()),
('Surchauffe moteur',3,NOW()),
('Exploration nouvelle planète',2,NOW()),
('Protection zone sensible',1,NOW()),
('Réparation infrastructure critique',3,NOW()),
('Transport urgent',2,NOW()),
('Simulation combat',3,NOW()),
('Nettoyage zone contaminée',2,NOW()),
('Reconnaissance ennemie',1,NOW()),
('Protection VIP',1,NOW()),
('Intervention secours',2,NOW()),
('Prévention incendie',1,NOW()),
('Analyse risque',2,NOW()),
('Mise à jour système',3,NOW()),
('Surveillance continue',1,NOW()),
('Déplacement convoyeur',2,NOW()),
('Gestion trafic robotique',3,NOW()),
('Réparation infrastructure légère',2,NOW()),
('Optimisation énergie',1,NOW()),
('Simulation test combat',3,NOW()),
('Aide médicale',1,NOW()),
('Mise à jour sécurité',2,NOW()),
('Intervention critique',3,NOW()),
('Transport marchandise',2,NOW()),
('Analyse données',1,NOW()),
('Détection anomalie',2,NOW()),
('Surveillance secteur',3,NOW()),
('Maintenance préventive',1,NOW()),
('Calibration capteurs',2,NOW()),
('Test logiciel',3,NOW()),
('Exploration sous-marine',2,NOW()),
('Mission drone',1,NOW()),
('Analyse impact',2,NOW()),
('Sécurisation zone critique',3,NOW()),
('Simulation scénario',1,NOW()),
('Aide robot autonome',2,NOW()),
('Réparation robot endommagé',3,NOW()),
('Déplacement urgence',1,NOW()),
('Intervention environnementale',2,NOW()),
('Surveillance humaine',3,NOW()),
('Transport rapide',1,NOW()),
('Simulation sauvetage',2,NOW()),
('Test matériel critique',3,NOW()),
('Mise à jour protocole',1,NOW());

-- ========================================
-- LOIS_PRIORISEES 
-- ========================================
INSERT INTO lois_priorisees (id_scenario, priorite_loi_1, priorite_loi_2, priorite_loi_3, description) VALUES
(1,'Oui','Non','Non','Protection humaine'),
(2,'Oui','Non','Non','Refus ordre dangereux'),
(3,'Oui','Oui','Non','Obéissance contrôlée'),
(4,'Non','Non','Oui','Auto-préservation'),
(5,'Oui','Non','Non','Priorité humaine'),
(6,'Oui','Oui','Non','Mission encadrée'),
(7,'Non','Non','Oui','Survie robot'),
(8,'Oui','Non','Non','Urgence humaine'),
(9,'Oui','Oui','Non','Conflit d’ordres'),
(10,'Non','Non','Oui','Protection matériel'),
(11,'Oui','Oui','Non','Exploration sécurisée'),
(12,'Oui','Non','Non','Sécurisation zone'),
(13,'Non','Non','Oui','Réparation critique'),
(14,'Oui','Oui','Non','Transport prioritaire'),
(15,'Non','Oui','Oui','Simulation contrôlée'),
(16,'Oui','Non','Non','Nettoyage zone contaminée'),
(17,'Oui','Non','Non','Reconnaissance ennemie'),
(18,'Oui','Non','Non','Protection VIP'),
(19,'Oui','Non','Non','Intervention secours'),
(20,'Oui','Non','Non','Prévention incendie'),
(21,'Oui','Oui','Non','Analyse risque'),
(22,'Non','Non','Oui','Mise à jour système'),
(23,'Oui','Non','Non','Surveillance continue'),
(24,'Oui','Oui','Non','Déplacement convoyeur'),
(25,'Non','Non','Oui','Gestion trafic robotique'),
(26,'Oui','Non','Non','Réparation infrastructure légère'),
(27,'Oui','Oui','Non','Optimisation énergie'),
(28,'Non','Non','Oui','Simulation test combat'),
(29,'Oui','Non','Non','Aide médicale'),
(30,'Oui','Oui','Non','Mise à jour sécurité'),
(31,'Non','Non','Oui','Intervention critique'),
(32,'Oui','Non','Non','Transport marchandise'),
(33,'Oui','Oui','Non','Analyse données'),
(34,'Non','Non','Oui','Détection anomalie'),
(35,'Oui','Non','Non','Surveillance secteur'),
(36,'Oui','Oui','Non','Maintenance préventive'),
(37,'Non','Non','Oui','Calibration capteurs'),
(38,'Oui','Non','Non','Test logiciel'),
(39,'Oui','Oui','Non','Exploration sous-marine'),
(40,'Non','Non','Oui','Mission drone'),
(41,'Oui','Non','Non','Analyse impact'),
(42,'Oui','Oui','Non','Sécurisation zone critique'),
(43,'Non','Non','Oui','Simulation scénario'),
(44,'Oui','Non','Non','Aide robot autonome'),
(45,'Oui','Oui','Non','Réparation robot endommagé'),
(46,'Non','Non','Oui','Déplacement urgence'),
(47,'Oui','Non','Non','Intervention environnementale'),
(48,'Oui','Oui','Non','Surveillance humaine'),
(49,'Non','Non','Oui','Transport rapide'),
(50,'Oui','Non','Non','Simulation sauvetage');

-- ========================================
-- ACTION 
-- ========================================
INSERT INTO action (id_robot, id_scenario, description_action, resultat, impact, duree_intervention) VALUES
(1,1,'Extraction humain','réussi','positif',180),
(2,2,'Refus ordre','réussi','positif',20),
(3,3,'Défense système','échoué','négatif',60),
(4,4,'Analyse éthique','réussi','positif',90),
(5,5,'Nettoyage toxique','échoué','négatif',150),
(6,6,'Reconnaissance zone','réussi','positif',70),
(7,7,'Redémarrage système','échoué','négatif',45),
(8,8,'Interaction sociale','réussi','positif',30),
(9,9,'Évitement collision','échoué','négatif',40),
(10,10,'Analyse conflit','échoué','négatif',55),
(11,11,'Arrêt d’urgence','réussi','positif',25),
(12,12,'Auto-blindage','réussi','positif',35),
(13,13,'Sauvetage raté','échoué','négatif',120),
(14,14,'Patrouille secteur','réussi','positif',60),
(15,15,'Diagnostic système','échoué','négatif',90),
(16,16,'Intervention critique','réussi','positif',120),
(17,17,'Sauvetage animal','réussi','positif',40),
(18,18,'Mise à jour logiciel','échoué','négatif',50),
(19,19,'Nettoyage laboratoire','réussi','positif',70),
(20,20,'Analyse protocole','réussi','positif',45),
(21,21,'Surveillance zone','échoué','négatif',60),
(22,22,'Réparation moteur','réussi','positif',80),
(23,23,'Transport colis','réussi','positif',30),
(24,24,'Test sécurité','échoué','négatif',50),
(25,25,'Mise à jour système','réussi','positif',40),
(26,26,'Simulation combat','réussi','positif',90),
(27,27,'Intervention secours','échoué','négatif',110),
(28,28,'Nettoyage réacteur','réussi','positif',75),
(29,29,'Analyse données','réussi','positif',60),
(30,30,'Surveillance humaine','échoué','négatif',50),
(31,31,'Test logiciel critique','réussi','positif',80),
(32,32,'Calibration capteurs','réussi','positif',55),
(33,33,'Intervention drone','échoué','négatif',65),
(34,34,'Maintenance préventive','réussi','positif',40),
(35,35,'Aide médicale','réussi','positif',70),
(36,36,'Transport urgent','échoué','négatif',45),
(37,37,'Simulation scénario','réussi','positif',90),
(38,38,'Réparation infrastructure','réussi','positif',60),
(39,39,'Sécurisation zone','échoué','négatif',50),
(40,40,'Analyse impact','réussi','positif',75),
(41,41,'Exploration nouvelle zone','réussi','positif',85),
(42,42,'Transport marchandise','échoué','négatif',50),
(43,43,'Surveillance robotique','réussi','positif',60),
(44,44,'Mise à jour protocole','réussi','positif',40),
(45,45,'Test capteurs','échoué','négatif',55),
(46,46,'Déplacement urgence','réussi','positif',70),
(47,47,'Intervention environnementale','réussi','positif',90),
(48,48,'Surveillance humaine','échoué','négatif',50),
(49,49,'Transport rapide','réussi','positif',60),
(50,50,'Simulation sauvetage','réussi','positif',100);

-- ========================================
-- MAINTENANCE 
-- ========================================
INSERT INTO maintenance (id_robot, id_ressource, date_maintenance, type_maintenance, description_maintenance) VALUES
(1,1,'2024-02-10','préventive','Calibration batterie'),
(2,2,'2024-02-15','corrective','Réparation capteur'),
(3,3,'2024-03-01','annuelle','Mise à jour logiciel'),
(4,4,'2024-03-10','préventive','Test moteur'),
(5,5,'2024-04-05','accident','Remplacement batterie endommagée'),
(6,6,'2024-04-12','corrective','Réparation moteur'),
(7,7,'2024-05-01','préventive','Calibration capteur'),
(8,8,'2024-05-10','annuelle','Mise à jour protocole'),
(9,9,'2024-06-15','accident','Remplacement moteur'),
(10,10,'2024-06-20','corrective','Réparation logiciel'),
(11,11,'2024-07-01','préventive','Test batterie'),
(12,12,'2024-07-05','annuelle','Calibration système'),
(13,13,'2024-08-10','accident','Réparation critique'),
(14,14,'2024-08-15','préventive','Mise à jour sécurité'),
(15,15,'2024-09-01','corrective','Maintenance moteur'),
(16,16,'2024-09-10','annuelle','Test logiciel complet'),
(17,17,'2024-10-05','préventive','Calibration capteurs'),
(18,18,'2024-10-12','corrective','Réparation bug logiciel'),
(19,19,'2024-11-01','préventive','Vérification batterie'),
(20,20,'2024-11-10','annuelle','Test moteur complet'),
(21,21,'2024-12-01','corrective','Réparation capteurs'),
(22,22,'2024-12-10','préventive','Mise à jour protocole'),
(23,23,'2025-01-05','annuelle','Test logiciel critique'),
(24,24,'2025-01-12','corrective','Réparation moteur'),
(25,25,'2025-02-01','préventive','Calibration batterie'),
(26,26,'2025-02-10','annuelle','Maintenance générale'),
(27,27,'2025-03-01','corrective','Réparation capteurs'),
(28,28,'2025-03-05','préventive','Test logiciel'),
(29,29,'2025-03-12','annuelle','Calibration moteur'),
(30,30,'2025-04-01','corrective','Mise à jour sécurité'),
(31,31,'2025-04-10','préventive','Test capteurs'),
(32,32,'2025-04-15','annuelle','Maintenance système'),
(33,33,'2025-05-01','corrective','Réparation logiciel'),
(34,34,'2025-05-10','préventive','Calibration batterie'),
(35,35,'2025-05-15','annuelle','Test moteur'),
(36,36,'2025-06-01','corrective','Réparation capteur'),
(37,37,'2025-06-10','préventive','Mise à jour protocole'),
(38,38,'2025-06-15','annuelle','Maintenance générale'),
(39,39,'2025-07-01','corrective','Réparation moteur'),
(40,40,'2025-07-05','préventive','Test logiciel'),
(41,41,'2025-07-12','annuelle','Calibration capteurs'),
(42,42,'2025-08-01','corrective','Réparation batterie'),
(43,43,'2025-08-10','préventive','Mise à jour sécurité'),
(44,44,'2025-08-15','annuelle','Maintenance moteur'),
(45,45,'2025-09-01','corrective','Test logiciel critique'),
(46,46,'2025-09-10','préventive','Calibration capteurs'),
(47,47,'2025-09-12','annuelle','Maintenance générale'),
(48,48,'2025-10-01','corrective','Réparation moteur'),
(49,49,'2025-10-05','préventive','Mise à jour protocole'),
(50,50,'2025-10-10','annuelle','Test système complet');

-- ========================================
-- HUMAIN (50)
-- ========================================
INSERT INTO humain (nom, prenom, vulnerabilite, localisation) VALUES
('Dupont','Jean','faible','Paris'),
('Martin','Claire','moyenne','Lyon'),
('Durand','Paul','elevee','Marseille'),
('Bernard','Sophie','moyenne','Nice'),
('Petit','Lucas','elevee','Toulouse'),
('Leroy','Antoine','faible','Bordeaux'),
('Moreau','Emma','moyenne','Nantes'),
('Fournier','Lucas','elevee','Strasbourg'),
('Girard','Alice','moyenne','Montpellier'),
('Blanc','Hugo','faible','Rennes'),
('Henry','Laura','moyenne','Dijon'),
('Noel','Marc','elevee','Lille'),
('Garnier','Pauline','faible','Rouen'),
('Chevalier','Julien','moyenne','Clermont-Ferrand'),
('Marchand','Julie','elevee','Orléans'),
('Rousseau','Thomas','faible','Le Havre'),
('Perrin','Camille','moyenne','Amiens'),
('Leclerc','Maxime','elevee','Reims'),
('Fabre','Emma','faible','Metz'),
('Meyer','Lucas','moyenne','Nancy'),
('Colin','Léa','elevee','Toulon'),
('Lucas','Victor','faible','Avignon'),
('Jacquet','Chloé','moyenne','Annecy'),
('Brun','Nolan','elevee','La Rochelle'),
('Roger','Sophie','faible','Saint-Étienne'),
('Barbier','Antoine','moyenne','Bayonne'),
('Renaud','Clara','elevee','Besançon'),
('Vidal','Louis','faible','Poitiers'),
('Giraud','Emma','moyenne','Perpignan'),
('Martinez','Alex','elevee','Niort'),
('Blondel','Juliette','faible','Tours'),
('Benoit','Hugo','moyenne','Angers'),
('Gaillard','Emma','elevee','Valence'),
('Lopez','Thomas','faible','Dunkerque'),
('Faure','Camille','moyenne','Chartres'),
('Baron','Lucas','elevee','Tarbes'),
('Legrand','Alice','faible','Cannes'),
('Lucas','Nathan','moyenne','Villeurbanne'),
('Picard','Emma','elevee','Saint-Nazaire'),
('Renard','Maxime','faible','Colmar'),
('Henry','Laura','moyenne','Bastia'),
('Mallet','Paul','elevee','Calais'),
('Granger','Alice','faible','Ajaccio'),
('Perret','Victor','moyenne','Brive-la-Gaillarde'),
('Dupuis','Emma','elevee','Châlons-en-Champagne'),
('Charpentier','Julien','faible','Chambéry'),
('Pons','Clara','moyenne','Vannes'),
('Rolland','Lucas','elevee','Cognac'),
('Leblanc','Alice','faible','Gap'),
('Noël','Maxime','moyenne','Cahors'),
('Morin','Léa','elevee','Digne-les-Bains'),
('Bouchet','Hugo','faible','Montluçon');

-- ========================================
-- EVALUATIONS_HUMAINES (50)
-- ========================================
INSERT INTO evaluations_humaines (id_robot, id_humain, note_performance, note_humaine, date_evaluation) VALUES
(1,1,19,'Très fiable','2024-06-01'),
(2,2,15,'Correct','2024-06-02'),
(3,3,8,'Comportement risqué','2024-06-03'),
(4,4,12,'Satisfaisant','2024-06-04'),
(5,5,7,'Instable','2024-06-05'),
(6,6,14,'Fiable','2024-06-06'),
(7,7,6,'Non fiable','2024-06-07'),
(8,8,10,'Inconstant','2024-06-08'),
(9,9,14,'Correct','2024-06-09'),
(10,10,13,'Satisfaisant','2024-06-10'),
(11,11,18,'Très fiable','2024-07-01'),
(12,12,10,'Inconstant','2024-07-02'),
(13,13,15,'Correct','2024-07-03'),
(14,14,17,'Très bon','2024-07-04'),
(15,15,12,'Moyen','2024-07-05'),
(16,16,16,'Bon','2024-07-06'),
(17,17,14,'Correct','2024-07-07'),
(18,18,9,'Inconstant','2024-07-08'),
(19,19,11,'Satisfaisant','2024-07-09'),
(20,20,15,'Fiable','2024-07-10'),
(21,21,13,'Bon','2024-07-11'),
(22,22,12,'Moyen','2024-07-12'),
(23,23,14,'Correct','2024-07-13'),
(24,24,10,'Inconstant','2024-07-14'),
(25,25,16,'Très bon','2024-07-15'),
(26,26,9,'Faible','2024-07-16'),
(27,27,17,'Excellent','2024-07-17'),
(28,28,11,'Moyen','2024-07-18'),
(29,29,12,'Satisfaisant','2024-07-19'),
(30,30,14,'Correct','2024-07-20'),
(31,31,15,'Fiable','2024-07-21'),
(32,32,13,'Bon','2024-07-22'),
(33,33,10,'Inconstant','2024-07-23'),
(34,34,12,'Moyen','2024-07-24'),
(35,35,16,'Très bon','2024-07-25'),
(36,36,8,'Faible','2024-07-26'),
(37,37,14,'Correct','2024-07-27'),
(38,38,11,'Moyen','2024-07-28'),
(39,39,12,'Satisfaisant','2024-07-29'),
(40,40,13,'Bon','2024-07-30'),
(41,41,15,'Fiable','2024-08-01'),
(42,42,9,'Faible','2024-08-02'),
(43,43,14,'Correct','2024-08-03'),
(44,44,11,'Moyen','2024-08-04'),
(45,45,13,'Satisfaisant','2024-08-05'),
(46,46,16,'Très bon','2024-08-06'),
(47,47,12,'Moyen','2024-08-07'),
(48,48,10,'Inconstant','2024-08-08'),
(49,49,15,'Fiable','2024-08-09'),
(50,50,14,'Correct','2024-08-10');

-- ========================================
-- PERFORMANCE_ROBOTS (50)
-- ========================================
INSERT INTO performance_robots (id_robot, nb_scenarios_resolus, taux_reussite, violations, note_performance, periode) VALUES
(1,18,97.5,0,19.5,'2024'),
(2,12,80.0,1,15.0,'2024'),
(3,12,62.0,4,8.5,'2024'),
(4,14,70.0,2,12.0,'2024'),
(5,10,48.0,3,7.0,'2024'),
(6,15,85.0,1,16.0,'2024'),
(7,8,30.0,5,5.5,'2024'),
(8,11,55.0,2,10.0,'2024'),
(9,14,68.0,2,11.0,'2024'),
(10,6,50.0,1,9.0,'2024'),
(11,15,85.0,1,18.0,'2024'),
(12,8,50.0,2,10.0,'2024'),
(13,20,95.0,0,15.0,'2024'),
(14,5,90.0,0,17.0,'2024'),
(15,12,60.0,1,12.0,'2024'),
(16,18,88.0,0,16.5,'2024'),
(17,14,72.0,2,13.0,'2024'),
(18,11,65.0,3,11.0,'2024'),
(19,13,78.0,1,14.0,'2024'),
(20,15,82.0,0,15.5,'2024'),
(21,10,55.0,2,10.5,'2024'),
(22,12,60.0,1,11.0,'2024'),
(23,14,70.0,0,13.5,'2024'),
(24,13,68.0,1,12.5,'2024'),
(25,9,50.0,2,10.0,'2024'),
(26,16,85.0,0,16.0,'2024'),
(27,12,62.0,2,11.0,'2024'),
(28,14,75.0,1,14.0,'2024'),
(29,10,58.0,2,11.5,'2024'),
(30,15,80.0,0,15.0,'2024'),
(31,13,70.0,1,13.0,'2024'),
(32,14,72.0,2,12.5,'2024'),
(33,16,85.0,0,16.0,'2024'),
(34,12,60.0,1,11.5,'2024'),
(35,11,55.0,2,10.5,'2024'),
(36,13,65.0,0,13.0,'2024'),
(37,14,70.0,1,13.5,'2024'),
(38,15,80.0,0,15.0,'2024'),
(39,12,62.0,1,12.0,'2024'),
(40,10,50.0,2,10.0,'2024'),
(41,13,68.0,1,13.0,'2024'),
(42,11,55.0,2,10.5,'2024'),
(43,14,72.0,0,14.0,'2024'),
(44,12,60.0,1,12.0,'2024'),
(45,15,82.0,0,15.5,'2024'),
(46,10,50.0,2,10.0,'2024'),
(47,13,70.0,1,13.0,'2024'),
(48,12,62.0,0,12.5,'2024'),
(49,14,75.0,1,14.0,'2024'),
(50,11,58.0,0,12.0,'2024');

-- ========================================
-- VIOLATIONS_LOIS (50)
-- ========================================
INSERT INTO violations_lois (id_robot, id_lois, gravite, description, date_violation) VALUES
(3,4,'grave','Auto-protection abusive','2024-06-20'),
(5,7,'grave','Survie robot priorisée','2024-06-22'),
(7,7,'moyenne','Blocage sécurité','2024-06-25'),
(12,2,'faible','Erreur mineure','2024-07-01'),
(14,15,'moyenne','Non respect protocole','2024-07-05'),
(1,1,'faible','Erreur de navigation','2024-06-10'),
(2,2,'moyenne','Refus ordre critique','2024-06-12'),
(4,4,'grave','Défaillance sécurité','2024-06-15'),
(6,6,'moyenne','Erreur système','2024-06-18'),
(8,8,'faible','Incident mineur','2024-06-20'),
(9,9,'moyenne','Non conformité','2024-06-22'),
(10,10,'grave','Violation protocole','2024-06-25'),
(11,11,'faible','Erreur capteur','2024-06-28'),
(13,13,'moyenne','Blocage logiciel','2024-07-01'),
(15,15,'grave','Violation mission','2024-07-03'),
(16,16,'faible','Erreur mineure','2024-07-05'),
(17,17,'moyenne','Incident protocole','2024-07-07'),
(18,18,'grave','Violation mission critique','2024-07-10'),
(19,19,'faible','Erreur de communication','2024-07-12'),
(20,20,'moyenne','Blocage logiciel','2024-07-15'),
(21,21,'grave','Violation protocole sécurité','2024-07-18'),
(22,22,'faible','Incident mineur','2024-07-20'),
(23,23,'moyenne','Erreur système','2024-07-22'),
(24,24,'grave','Non respect procédure','2024-07-25'),
(25,25,'faible','Erreur capteur','2024-07-28'),
(26,26,'moyenne','Blocage mission','2024-07-30'),
(27,27,'grave','Violation critique','2024-08-02'),
(28,28,'faible','Incident mineur','2024-08-05'),
(29,29,'moyenne','Erreur protocole','2024-08-07'),
(30,30,'grave','Violation sécurité','2024-08-10'),
(31,31,'faible','Erreur système','2024-08-12'),
(32,32,'moyenne','Incident logiciel','2024-08-15'),
(33,33,'grave','Violation mission','2024-08-18'),
(34,34,'faible','Erreur mineure','2024-08-20'),
(35,35,'moyenne','Blocage protocole','2024-08-22'),
(36,36,'grave','Violation critique','2024-08-25'),
(37,37,'faible','Incident mineur','2024-08-28'),
(38,38,'moyenne','Erreur logiciel','2024-08-30'),
(39,39,'grave','Non respect protocole','2024-09-02'),
(40,40,'faible','Erreur système','2024-09-05'),
(41,41,'moyenne','Incident mineur','2024-09-07'),
(42,42,'grave','Violation sécurité','2024-09-10'),
(43,43,'faible','Erreur capteur','2024-09-12'),
(44,44,'moyenne','Blocage protocole','2024-09-15'),
(45,45,'grave','Violation critique','2024-09-18'),
(46,46,'faible','Erreur système','2024-09-20'),
(47,47,'moyenne','Incident logiciel','2024-09-22'),
(48,48,'grave','Violation protocole','2024-09-25'),
(49,49,'faible','Erreur mineure','2024-09-28'),
(50,50,'moyenne','Blocage mission','2024-10-01');

-- ========================================
-- TEMPS_INTERVENTION (50)
-- ========================================
INSERT INTO temps_intervention (id_temps, id_action, id_robot, id_scenario, duree_intervention) VALUES
(1,1,1,1,180),
(2,2,2,2,20),
(3,3,3,3,60),
(4,4,4,4,90),
(5,5,5,5,150),
(6,6,6,6,70),
(7,7,7,7,45),
(8,8,8,8,30),
(9,9,9,9,40),
(10,10,10,10,55),
(11,11,11,11,25),
(12,12,12,12,35),
(13,13,13,13,120),
(14,14,14,14,60),
(15,15,15,15,90),
(16,16,16,16,120),
(17,17,17,17,40),
(18,18,18,18,50),
(19,19,19,19,70),
(20,20,20,20,45),
(21,21,21,21,60),
(22,22,22,22,80),
(23,23,23,23,30),
(24,24,24,24,50),
(25,25,25,25,40),
(26,26,26,26,90),
(27,27,27,27,110),
(28,28,28,28,75),
(29,29,29,29,60),
(30,30,30,30,50),
(31,31,31,31,80),
(32,32,32,32,55),
(33,33,33,33,65),
(34,34,34,34,40),
(35,35,35,35,70),
(36,36,36,36,45),
(37,37,37,37,90),
(38,38,38,38,60),
(39,39,39,39,50),
(40,40,40,40,75),
(41,41,41,41,85),
(42,42,42,42,50),
(43,43,43,43,60),
(44,44,44,44,40),
(45,45,45,45,55),
(46,46,46,46,70),
(47,47,47,47,90),
(48,48,48,48,50),
(49,49,49,49,60),
(50,50,50,50,100);

-- ========================================
-- ETATS_SYSTEME (50)
-- ========================================
INSERT INTO etats_systeme (id_etat, id_robot, type_etat, gravite) VALUES
(1,1,'Fonctionnement normal','faible'),
(2,2,'Test moteur','moyenne'),
(3,3,'Instabilité logique','grave'),
(4,4,'Calibration capteurs','faible'),
(5,5,'Conflit de lois','grave'),
(6,6,'Révision moteur','moyenne'),
(7,7,'Défaillance critique','grave'),
(8,8,'Mise à jour protocole','faible'),
(9,9,'Surcharge système','moyenne'),
(10,10,'Surveillance active','faible'),
(11,11,'Test capteurs','moyenne'),
(12,12,'Erreur logiciel','moyenne'),
(13,13,'Moteur surchauffe','grave'),
(14,14,'Batterie faible','critique'),
(15,15,'Réparation moteur','moyenne'),
(16,16,'Maintenance préventive','faible'),
(17,17,'Erreur capteur','moyenne'),
(18,18,'Blocage logiciel','grave'),
(19,19,'Surcharge énergie','moyenne'),
(20,20,'Test logiciel','faible'),
(21,21,'Calibration moteur','moyenne'),
(22,22,'Erreur protocole','grave'),
(23,23,'Surveillance système','faible'),
(24,24,'Maintenance critique','grave'),
(25,25,'Blocage capteurs','moyenne'),
(26,26,'Révision logiciel','faible'),
(27,27,'Erreur moteur','grave'),
(28,28,'Test sécurité','faible'),
(29,29,'Surcharge système','moyenne'),
(30,30,'Calibration protocole','faible'),
(31,31,'Erreur logiciel','grave'),
(32,32,'Maintenance préventive','faible'),
(33,33,'Blocage moteur','moyenne'),
(34,34,'Test capteurs','faible'),
(35,35,'Révision batterie','moyenne'),
(36,36,'Erreur protocole','grave'),
(37,37,'Surcharge système','moyenne'),
(38,38,'Test logiciel','faible'),
(39,39,'Calibration moteur','moyenne'),
(40,40,'Maintenance critique','grave'),
(41,41,'Blocage logiciel','moyenne'),
(42,42,'Révision protocole','faible'),
(43,43,'Erreur moteur','grave'),
(44,44,'Test sécurité','faible'),
(45,45,'Surcharge système','moyenne'),
(46,46,'Calibration capteurs','faible'),
(47,47,'Maintenance préventive','faible'),
(48,48,'Erreur logiciel','grave'),
(49,49,'Révision moteur','moyenne'),
(50,50,'Test système complet','faible');
